customer_id,name,region
C001,Customer 001,South
C002,Customer 002,North
C029,Customer 029,North
C025,Customer 025,East
C014,Customer 014,South
C060,Customer 060,North
C008,Customer 008,North
C033,Customer 033,East
C051,Customer 051,West
C030,Customer 030,North
C010,Customer 010,North
C041,Customer 041,East
C044,Customer 044,North
C039,Customer 039,West
C036,Customer 036,North
C040,Customer 040,North
C023,Customer 023,West
C024,Customer 024,East
C053,Customer 053,West
C011,Customer 011,North
C055,Customer 055,South
C034,Customer 034,East
C009,Customer 009,West
C007,Customer 007,South
C028,Customer 028,East
C005,Customer 005,South
C016,Customer 016,South
C017,Customer 017,West
C018,Customer 018,South
C058,Customer 058,South
C054,Customer 054,East
C038,Customer 038,North
C022,Customer 022,South
C007,Customer 007,North
C020,Customer 020,East
C001,Customer 001,North
C052,Customer 052,East
C057,Customer 057,East
C043,Customer 043,South
C032,Customer 032,North
C026,Customer 026,South
C046,Customer 046,South
C045,Customer 045,North
C027,Customer 027,South
C012,Customer 012,North
C003,Customer 003,East
C047,Customer 047,East
C048,Customer 048,North
C035,Customer 035,East
C015,Customer 015,North
C037,Customer 037,West
C056,Customer 056,East
C006,Customer 006,South
C050,Customer 050,North
C004,Customer 004,South
C002,Customer 002,South
C059,Customer 059,East
C021,Customer 021,North
C019,Customer 019,West
C049,Customer 049,South
C013,Customer 013,South
C042,Customer 042,East
C031,Customer 031,West
