order_id,customer_id,order_date,source_system,amount,currency
O0043,C029,01/05/2026,us_shop,"$1,077.83",
O0331,C056,07/06/2026,eu_shop,"1.097,97 EUR",
O0058,C057,01/19/2026,us_shop,645.69,USD
O0379,C013,06/05/2026,legacy,342.90,USD
O0207,C043,26/04/2026,eu_shop,"2.336,82 EUR",
O0216,C037,19/04/2026,eu_shop,"2.378,93 EUR",
O0188,C001,04/23/2026,us_shop,USD 1353.97,USD
O0202,C006,04/06/2026,us_shop,630.07,USD
O0279,C017,05/22/2026,us_shop,1898.72,USD
O0325,C059,06/15/2026,us_shop,USD 220.79,USD
O0221,C023,04/14/2026,us_shop,,USD
O0171,C049,03/15/2026,us_shop,USD 1441.83,USD
O0001,C011,18/01/2026,eu_shop,"1.833,65 EUR",
O0351,C002,03/06/2026,eu_shop,"1.875,43 EUR",
O0237,C031,08/04/2026,eu_shop,,
O0113,C019,17/02/2026,eu_shop,"€1.673,08",
O0002,C025,01/09/2026,us_shop,USD 2474.23,USD
O0382,C030,06/05/2026,legacy,1156.22,USD
O0365,C025,17/02/2026,legacy,USD 845.62,USD
O0330,C042,06/21/2026,us_shop,"$2,199.16",
O0102,C048,24/02/2026,eu_shop,"1.689,75",EUR
O0004,C050,02/01/2026,eu_shop,"603,46 EUR",
O0174,C018,03/20/2026,us_shop,"$1,764.91",
O0353,C047,06/11/2026,us_shop,USD 1951.02,USD
O0097,C017,02/02/2026,eu_shop,"€306,67",
O0197,C039,20/04/2026,eu_shop,"€1.985,22",
O0009,C038,01/14/2026,us_shop,2248.64,USD
O0078,C008,03/02/2026,eu_shop,"€2.364,83",
O0306,C024,18/06/2026,eu_shop,"2.258,17 EUR",
O0055,C059,01/28/2026,us_shop,1346.57,USD
O0302,C057,14/06/2026,eu_shop,"1.651,11 EUR",
O0344,C018,06/19/2026,us_shop,596.35,USD
O0017,C011,01/15/2026,us_shop,USD 47.98,USD
O0235,C054,04/05/2026,us_shop,1266.00,USD
O0139,C027,18/03/2026,eu_shop,"€1.878,89",
O0217,C044,27/04/2026,eu_shop,"703,00",EUR
O0092,C015,08/02/2026,eu_shop,"98,21 EUR",
O0098,C047,02/26/2026,us_shop,USD 811.65,USD
O0292,C030,05/12/2026,us_shop,USD 1695.16,USD
O0363,C007,01/09/2026,us_shop,$473.67,
O0052,C046,16/01/2026,eu_shop,"€420,80",
O0026,C049,18/01/2026,eu_shop,"1.923,95 EUR",
O0263,C024,05/14/2026,us_shop,USD 398.10,USD
O0359,C034,22/06/2026,eu_shop,"798,71",EUR
O0206,C015,04/09/2026,us_shop,"$1,978.06",
O0259,C019,08/05/2026,eu_shop,"€1.877,05",
O0357,C014,06/25/2026,us_shop,USD 1300.37,USD
O0060,C034,11/01/2026,eu_shop,"2.339,38",EUR
O0152,C013,27/03/2026,eu_shop,"90,13 EUR",
O0047,C049,01/28/2026,us_shop,621.49,USD
O0319,C034,04/06/2026,eu_shop,"€1.874,34",
O0076,C009,02/21/2026,us_shop,"$2,450.30",
O0172,C022,01/03/2026,eu_shop,"€1.255,99",
O0021,C049,01/06/2026,us_shop,1366.87,USD
O0125,C021,25/03/2026,eu_shop,"2.232,91",EUR
O0151,C042,03/02/2026,us_shop,USD 1895.41,USD
O0336,C028,06/04/2026,us_shop,1871.69,USD
O0193,C056,04/16/2026,us_shop,320.65,USD
O0121,C050,14/03/2026,eu_shop,"578,35 EUR",
O0140,C039,03/08/2026,us_shop,USD 1241.04,USD
O0184,C049,04/23/2026,us_shop,$495.47,
O0165,C024,03/21/2026,us_shop,2233.27,USD
O0182,C018,10/04/2026,eu_shop,"€658,45",
O0277,C054,10/05/2026,eu_shop,"€1.948,32",
O0329,C028,06/04/2026,us_shop,USD 1991.02,USD
O0380,C049,05/06/2026,legacy,USD 1162.81,USD
O0291,C051,05/13/2026,us_shop,USD 74.24,USD
O0179,C045,03/08/2026,us_shop,$793.27,
O0225,C021,04/04/2026,us_shop,"$2,426.65",
O0257,C046,05/25/2026,us_shop,1240.35,USD
O0046,C035,01/27/2026,us_shop,USD 76.30,USD
O0372,C028,15/03/2026,legacy,"$1,282.28",
O0044,C016,01/28/2026,us_shop,"$2,311.23",
O0332,C027,11/06/2026,eu_shop,"2.075,45 EUR",
O0082,C023,02/07/2026,us_shop,1717.88,USD
O0023,C008,01/12/2026,us_shop,USD 2201.66,USD
O0203,C011,01/04/2026,eu_shop,"€1.044,95",
O0109,C001,02/10/2026,us_shop,$745.81,
O0114,C006,27/02/2026,eu_shop,"2.381,92 EUR",
O0291,C051,05/13/2026,us_shop,USD 74.24,USD
O0145,C006,21/03/2026,eu_shop,"1.094,39",EUR
O0262,C003,11/05/2026,eu_shop,"€1.998,51",
O0271,C017,05/15/2026,us_shop,"$2,119.45",
O0208,C035,04/08/2026,us_shop,"$1,633.18",
O0018,C047,09/01/2026,eu_shop,"2.430,84",EUR
O0008,C016,01/24/2026,us_shop,1420.97,USD
O0030,C026,22/01/2026,eu_shop,"1.638,70 EUR",
O0176,C047,03/14/2026,us_shop,1241.90,USD
O0328,C039,06/17/2026,us_shop,$765.45,
O0112,C058,02/26/2026,us_shop,"$1,850.47",
O0027,C031,01/18/2026,us_shop,USD 446.21,USD
O0369,C019,26/04/2026,legacy,USD 261.24,USD
O0053,C004,01/19/2026,us_shop,1849.91,USD
O0020,C041,01/17/2026,us_shop,1538.07,USD
O0054,C021,01/02/2026,us_shop,163.35,USD
O0224,C036,02/04/2026,eu_shop,"€1.158,87",
O0057,C005,01/22/2026,us_shop,2160.08,USD
O0198,C034,04/13/2026,us_shop,1148.27,USD
O0170,C060,03/03/2026,us_shop,$726.16,
O0285,C024,17/05/2026,eu_shop,"1.274,42",EUR
O0354,C006,02/06/2026,eu_shop,"422,73 EUR",
O0201,C049,07/04/2026,eu_shop,,
O0383,C044,06/05/2026,legacy,USD 1393.82,USD
O0247,C003,11/05/2026,eu_shop,"1.871,97 EUR",
O0039,C028,01/12/2026,us_shop,USD 1082.00,USD
O0106,C045,02/10/2026,us_shop,1403.85,USD
O0180,C031,18/03/2026,eu_shop,"1.346,07",EUR
O0267,C030,05/21/2026,us_shop,USD 664.78,USD
O0236,C033,23/04/2026,eu_shop,,
O0123,C059,28/03/2026,eu_shop,"338,54",EUR
O0080,C036,02/05/2026,us_shop,USD 1097.28,USD
O0119,C026,02/08/2026,us_shop,$403.03,
O0227,C035,15/04/2026,eu_shop,"€1.056,59",
O0194,C032,04/03/2026,us_shop,1459.47,USD
O0286,C011,05/09/2026,us_shop,"$2,288.56",
O0212,C045,13/04/2026,eu_shop,"€2.358,98",
O0218,C049,04/06/2026,us_shop,"$1,197.43",
O0334,C017,06/12/2026,us_shop,USD 2385.84,USD
O0183,C013,04/11/2026,us_shop,334.10,USD
O0030,C026,22/01/2026,eu_shop,"1.638,70 EUR",
O0181,C048,04/18/2026,us_shop,USD 853.75,USD
O0340,C059,06/24/2026,us_shop,166.56,USD
O0100,C017,02/02/2026,eu_shop,"1.783,61",EUR
O0367,C028,14/06/2026,legacy,126.24,USD
O0263,C024,05/14/2026,us_shop,USD 398.10,USD
O0124,C030,03/22/2026,us_shop,USD 1346.58,USD
O0335,C031,03/06/2026,eu_shop,"264,41 EUR",
O0360,C039,06/02/2026,us_shop,58.91,USD
O0007,C026,21/01/2026,eu_shop,"1.168,78 EUR",
O0219,C059,09/04/2026,eu_shop,"486,46",EUR
O0107,C043,02/13/2026,us_shop,USD 1706.20,USD
O0312,C014,19/06/2026,eu_shop,"€571,24",
O0307,C004,13/06/2026,eu_shop,"718,67",EUR
O0254,C051,05/09/2026,us_shop,$872.86,
O0005,C021,01/13/2026,us_shop,USD 698.64,USD
O0312,C014,19/06/2026,eu_shop,"€571,24",
O0305,C016,06/28/2026,us_shop,USD 932.21,USD
O0293,C038,13/05/2026,eu_shop,"2.063,15",EUR
O0137,C025,16/03/2026,eu_shop,"54,50",EUR
O0260,C007,05/25/2026,us_shop,USD 1599.02,USD
O0303,C040,14/06/2026,eu_shop,"2.350,07",EUR
O0167,C042,03/09/2026,us_shop,USD 1555.14,USD
O0077,C029,02/18/2026,us_shop,1775.94,USD
O0169,C038,09/03/2026,eu_shop,"€832,87",
O0343,C023,28/06/2026,eu_shop,"1.408,41 EUR",
O0250,C003,05/05/2026,us_shop,"$1,275.64",
O0230,C060,04/10/2026,us_shop,USD 1117.77,USD
O0162,C051,02/03/2026,eu_shop,,
O0234,C059,04/04/2026,eu_shop,,
O0039,C028,01/12/2026,us_shop,USD 1082.00,USD
O0117,C050,03/02/2026,eu_shop,"€1.160,32",
O0133,C046,07/03/2026,eu_shop,"198,00 EUR",
O0347,C054,23/06/2026,eu_shop,"697,92",EUR
O0086,C057,14/02/2026,eu_shop,"100,97",EUR
O0036,C014,18/01/2026,eu_shop,"365,49 EUR",
O0010,C015,01/05/2026,us_shop,"$1,293.43",
O0341,C020,06/12/2026,us_shop,USD 294.86,USD
O0011,C004,01/28/2026,us_shop,$309.74,
O0299,C007,05/08/2026,us_shop,"$2,222.66",
O0065,C017,02/05/2026,us_shop,"$2,335.82",
O0131,C018,03/11/2026,us_shop,$826.49,
O0276,C048,02/05/2026,eu_shop,"2.280,12",EUR
O0051,C045,01/24/2026,us_shop,USD 2488.74,USD
O0243,C010,05/15/2026,us_shop,USD 1364.91,USD
O0017,C011,01/15/2026,us_shop,USD 47.98,USD
O0074,C059,02/28/2026,us_shop,USD 164.97,USD
O0290,C026,28/05/2026,eu_shop,"€2.019,29",
O0187,C013,04/10/2026,us_shop,599.61,USD
O0215,C006,04/08/2026,us_shop,2406.30,USD
O0242,C038,05/19/2026,us_shop,USD 2497.30,USD
O0033,C015,01/01/2026,us_shop,USD 214.64,USD
O0269,C035,05/06/2026,us_shop,USD 221.70,USD
O0157,C007,19/03/2026,eu_shop,,
O0160,C007,23/03/2026,eu_shop,"1.940,30",EUR
O0079,C010,18/02/2026,eu_shop,"128,63",EUR
O0296,C042,03/05/2026,eu_shop,"1.603,09",EUR
O0245,C021,05/28/2026,us_shop,$504.08,
O0280,C044,27/05/2026,eu_shop,"€376,48",
O0322,C051,06/28/2026,us_shop,1660.90,USD
O0019,C033,04/01/2026,eu_shop,"2.181,48",EUR
O0200,C040,04/02/2026,us_shop,,USD
O0142,C052,13/03/2026,eu_shop,"€1.821,49",
O0093,C022,02/09/2026,us_shop,USD 2166.31,USD
O0050,C060,01/26/2026,us_shop,USD 1971.42,USD
O0375,C022,20/03/2026,legacy,1190.77,USD
O0317,C051,06/26/2026,us_shop,$625.31,
O0345,C036,06/25/2026,us_shop,"$2,053.33",
O0349,C001,06/06/2026,us_shop,2179.86,USD
O0012,C051,22/01/2026,eu_shop,"1.078,51 EUR",
O0192,C022,04/06/2026,us_shop,"$2,415.12",
O0104,C043,28/02/2026,eu_shop,"346,58",EUR
O0316,C043,06/28/2026,us_shop,103.42,USD
O0187,C013,04/10/2026,us_shop,599.61,USD
O0068,C052,21/02/2026,eu_shop,"1.341,19",EUR
O0035,C005,17/01/2026,eu_shop,"€625,49",
O0111,C029,02/22/2026,us_shop,565.71,USD
O0251,C056,04/05/2026,eu_shop,"2.190,51",EUR
O0003,C036,08/01/2026,eu_shop,"€1.724,15",
O0138,C049,03/13/2026,us_shop,USD 2139.48,USD
O0352,C027,06/15/2026,us_shop,$878.60,
O0121,C050,14/03/2026,eu_shop,"578,35 EUR",
O0287,C052,10/05/2026,eu_shop,"1.876,54 EUR",
O0168,C050,16/03/2026,eu_shop,"1.183,59 EUR",
O0035,C005,17/01/2026,eu_shop,"€625,49",
O0127,C029,06/03/2026,eu_shop,"€1.869,39",
O0073,C055,09/02/2026,eu_shop,"1.283,31",EUR
O0273,C037,05/12/2026,us_shop,USD 1454.04,USD
O0241,C053,05/01/2026,us_shop,735.78,USD
O0091,C030,12/02/2026,eu_shop,"€790,77",
O0150,C004,12/03/2026,eu_shop,"591,59 EUR",
O0056,C033,01/03/2026,us_shop,2134.30,USD
O0249,C053,21/05/2026,eu_shop,"2.452,81",EUR
O0118,C037,07/02/2026,eu_shop,"€1.807,13",
O0130,C018,15/03/2026,eu_shop,"230,61",EUR
O0298,C003,05/02/2026,us_shop,$788.74,
O0297,C045,05/10/2026,us_shop,1637.13,USD
O0006,C037,01/23/2026,us_shop,$814.11,
O0220,C041,27/04/2026,eu_shop,,
O0289,C015,05/28/2026,us_shop,1703.76,USD
O0223,C019,22/04/2026,eu_shop,"€2.365,18",
O0321,C033,06/08/2026,us_shop,2365.72,USD
O0346,C042,18/06/2026,eu_shop,"104,58 EUR",
O0016,C050,21/01/2026,eu_shop,"€876,83",
O0370,C011,23/01/2026,legacy,USD 1221.85,USD
O0196,C006,08/04/2026,eu_shop,"331,39 EUR",
O0049,C011,13/01/2026,eu_shop,"45,30",EUR
O0268,C001,05/26/2026,us_shop,"$1,184.52",
O0344,C018,06/19/2026,us_shop,596.35,USD
O0148,C018,25/03/2026,eu_shop,"2.379,96 EUR",
O0084,C040,24/02/2026,eu_shop,"420,20",EUR
O0209,C053,05/04/2026,eu_shop,,EUR
O0300,C030,05/12/2026,us_shop,1689.40,USD
O0323,C042,06/01/2026,us_shop,USD 189.63,USD
O0264,C037,05/22/2026,us_shop,1989.60,USD
O0244,C036,05/25/2026,us_shop,1376.84,USD
O0281,C041,05/21/2026,us_shop,USD 136.98,USD
O0158,C044,03/13/2026,us_shop,"$1,015.77",
O0337,C009,06/18/2026,us_shop,$187.55,
O0099,C033,04/02/2026,eu_shop,"987,58",EUR
O0075,C054,09/02/2026,eu_shop,"148,45",EUR
O0013,C025,01/20/2026,us_shop,2490.46,USD
O0025,C006,03/01/2026,eu_shop,"€1.840,49",
O0037,C037,19/01/2026,eu_shop,"€1.202,77",
O0311,C037,06/07/2026,us_shop,$208.78,
O0304,C045,06/12/2026,us_shop,$574.48,
O0069,C036,10/02/2026,eu_shop,"2.332,12",EUR
O0032,C022,01/01/2026,us_shop,1487.24,USD
O0120,C058,25/02/2026,eu_shop,"€2.156,68",
O0062,C043,02/21/2026,us_shop,USD 777.99,USD
O0082,C023,02/07/2026,us_shop,1717.88,USD
O0028,C039,01/14/2026,us_shop,USD 2412.33,USD
O0144,C059,03/13/2026,us_shop,1496.06,USD
O0132,C009,03/05/2026,us_shop,USD 608.90,USD
O0095,C054,02/18/2026,us_shop,USD 854.63,USD
O0195,C010,05/04/2026,eu_shop,"€2.035,41",
O0315,C009,06/18/2026,us_shop,$656.61,
O0205,C019,04/23/2026,us_shop,"$2,154.63",
O0320,C050,06/12/2026,us_shop,"$1,302.57",
O0364,C032,13/01/2026,legacy,1145.82,USD
O0225,C021,04/04/2026,us_shop,"$2,426.65",
O0074,C059,02/28/2026,us_shop,USD 164.97,USD
O0175,C001,03/17/2026,us_shop,USD 2372.23,USD
O0105,C033,10/02/2026,eu_shop,"1.680,56",EUR
O0238,C013,04/20/2026,us_shop,"$1,290.27",
O0275,C018,01/05/2026,eu_shop,"1.432,19",EUR
O0213,C032,04/15/2026,us_shop,$237.89,
O0226,C033,04/27/2026,us_shop,2470.77,USD
O0376,C034,16/01/2026,legacy,813.93,USD
O0031,C034,01/15/2026,us_shop,USD 337.67,USD
O0324,C026,06/14/2026,us_shop,1727.80,USD
O0233,C036,14/04/2026,eu_shop,"269,29 EUR",
O0153,C009,03/16/2026,us_shop,"$1,686.87",
O0208,C035,04/08/2026,us_shop,"$1,633.18",
O0126,C047,17/03/2026,eu_shop,"1.089,78",EUR
O0248,C052,13/05/2026,eu_shop,"989,75",EUR
O0155,C011,20/03/2026,eu_shop,"€1.533,83",
O0358,C008,06/10/2026,us_shop,"$1,708.42",
O0255,C042,03/05/2026,eu_shop,"2.135,34",EUR
O0016,C050,21/01/2026,eu_shop,"€876,83",
O0214,C028,04/24/2026,us_shop,$832.91,
O0108,C040,19/02/2026,eu_shop,"780,34 EUR",
O0136,C045,01/03/2026,eu_shop,"€2.147,56",
O0024,C020,08/01/2026,eu_shop,"182,50",EUR
O0042,C056,01/04/2026,us_shop,USD 651.69,USD
O0015,C008,22/01/2026,eu_shop,"2.216,58",EUR
O0022,C034,01/01/2026,eu_shop,"1.513,40",EUR
O0173,C032,03/07/2026,us_shop,912.87,USD
O0088,C056,24/02/2026,eu_shop,"€2.034,44",
O0309,C042,21/06/2026,eu_shop,"1.508,98",EUR
O0087,C022,26/02/2026,eu_shop,"2.329,81 EUR",
O0313,C022,25/06/2026,eu_shop,"402,98",EUR
O0048,C031,01/07/2026,us_shop,2167.04,USD
O0274,C019,01/05/2026,eu_shop,"2.445,74",EUR
O0308,C055,27/06/2026,eu_shop,"1.158,60 EUR",
O0326,C039,06/05/2026,us_shop,201.58,USD
O0141,C032,03/01/2026,us_shop,996.59,USD
O0318,C012,06/09/2026,us_shop,$168.90,
O0101,C060,02/26/2026,us_shop,USD 1364.59,USD
O0129,C050,25/03/2026,eu_shop,"1.322,40 EUR",
O0041,C007,02/01/2026,eu_shop,"1.030,45",EUR
O0146,C012,02/03/2026,eu_shop,"679,98",EUR
O0310,C051,06/11/2026,us_shop,$639.18,
O0362,C002,01/25/2026,us_shop,$382.34,
O0116,C003,02/08/2026,us_shop,"$2,460.48",
O0166,C010,03/14/2026,us_shop,USD 473.30,USD
O0083,C023,25/02/2026,eu_shop,"1.417,31 EUR",
O0085,C056,06/02/2026,eu_shop,"2.441,47",EUR
O0156,C008,25/03/2026,eu_shop,"2.055,48 EUR",
O0079,C010,18/02/2026,eu_shop,"128,63",EUR
O0327,C041,06/19/2026,us_shop,1388.96,USD
O0064,C037,04/02/2026,eu_shop,"220,22 EUR",
O0029,C049,24/01/2026,eu_shop,"€1.737,07",
O0258,C040,05/03/2026,us_shop,617.53,USD
O0222,C055,06/04/2026,eu_shop,"851,32",EUR
O0338,C036,11/06/2026,eu_shop,"1.688,23 EUR",
O0094,C018,12/02/2026,eu_shop,"1.618,05 EUR",
O0301,C035,14/06/2026,eu_shop,"1.484,86",EUR
O0339,C056,06/22/2026,us_shop,2355.18,USD
O0066,C057,08/02/2026,eu_shop,"949,04 EUR",
O0177,C045,16/03/2026,eu_shop,"1.628,92 EUR",
O0265,C006,05/20/2026,us_shop,"$2,182.27",
O0239,C056,03/04/2026,eu_shop,,
O0310,C051,06/11/2026,us_shop,$639.18,
O0355,C004,22/06/2026,eu_shop,"€240,69",
O0163,C024,03/03/2026,us_shop,1284.66,USD
O0065,C017,02/05/2026,us_shop,"$2,335.82",
O0371,C054,27/05/2026,legacy,1065.45,USD
O0295,C057,05/18/2026,us_shop,USD 846.90,USD
O0210,C020,04/20/2026,us_shop,USD 1882.44,USD
O0211,C019,15/04/2026,eu_shop,,
O0270,C038,10/05/2026,eu_shop,"1.611,79 EUR",
O0246,C037,13/05/2026,eu_shop,"€614,56",
O0018,C047,09/01/2026,eu_shop,"2.430,84",EUR
O0159,C005,19/03/2026,eu_shop,"1.738,91 EUR",
O0381,C012,05/06/2026,legacy,1431.81,USD
O0368,C037,23/01/2026,legacy,701.00,USD
O0378,C016,05/06/2026,legacy,USD 243.93,USD
O0067,C054,02/18/2026,us_shop,"$1,770.71",
O0283,C059,05/10/2026,us_shop,843.73,USD
O0240,C027,11/04/2026,eu_shop,"€2.338,25",
O0189,C004,04/18/2026,us_shop,$758.66,
O0331,C056,07/06/2026,eu_shop,"1.097,97 EUR",
O0284,C013,05/05/2026,us_shop,1974.82,USD
O0185,C031,04/09/2026,us_shop,,
O0186,C034,20/04/2026,eu_shop,"736,18 EUR",
O0253,C056,05/21/2026,us_shop,USD 2426.09,USD
O0122,C045,17/03/2026,eu_shop,"€1.182,79",
O0072,C014,02/23/2026,us_shop,883.49,USD
O0374,C056,25/01/2026,legacy,534.38,USD
O0373,C038,26/02/2026,legacy,USD 660.63,USD
O0115,C020,02/08/2026,us_shop,2024.14,USD
O0261,C029,06/05/2026,eu_shop,"1.747,24 EUR",
O0186,C034,20/04/2026,eu_shop,"736,18 EUR",
O0090,C055,16/02/2026,eu_shop,"587,19",EUR
O0327,C041,06/19/2026,us_shop,1388.96,USD
O0081,C024,02/26/2026,us_shop,"$2,431.60",
O0154,C014,15/03/2026,eu_shop,"1.760,68",EUR
O0149,C054,03/03/2026,us_shop,USD 1196.95,USD
O0278,C052,05/12/2026,us_shop,578.75,USD
O0282,C003,19/05/2026,eu_shop,"937,56 EUR",
O0034,C015,03/01/2026,eu_shop,"€2.267,33",
O0178,C051,03/01/2026,us_shop,USD 268.91,USD
O0342,C010,06/22/2026,us_shop,1226.19,USD
O0164,C055,03/14/2026,us_shop,2062.93,USD
O0350,C026,03/06/2026,eu_shop,"389,01",EUR
O0045,C056,01/28/2026,us_shop,"$1,393.80",
O0197,C039,20/04/2026,eu_shop,"€1.985,22",
O0366,C005,24/02/2026,legacy,655.90,USD
O0089,C051,02/23/2026,us_shop,USD 305.92,USD
O0232,C016,23/04/2026,eu_shop,"429,61",EUR
O0038,C052,14/01/2026,eu_shop,"508,41 EUR",
O0070,C057,02/05/2026,us_shop,690.59,USD
O0063,C049,02/03/2026,us_shop,USD 62.92,USD
O0103,C005,02/22/2026,us_shop,"$2,305.10",
O0252,C034,05/15/2026,us_shop,USD 77.76,USD
O0356,C028,06/16/2026,us_shop,1533.41,USD
O0147,C030,03/11/2026,us_shop,$870.25,
O0314,C001,09/06/2026,eu_shop,"2.151,68 EUR",
O0110,C038,02/20/2026,us_shop,1650.58,USD
O0229,C049,02/04/2026,eu_shop,"540,75",EUR
O0361,C001,01/10/2026,us_shop,867.19,USD
O0134,C035,03/15/2026,us_shop,"$1,062.80",
O0135,C027,03/13/2026,us_shop,"$2,265.90",
O0061,C046,02/11/2026,us_shop,$627.17,
O0288,C008,05/15/2026,us_shop,"$2,408.72",
O0199,C056,04/19/2026,us_shop,USD 2475.48,USD
O0266,C016,16/05/2026,eu_shop,"2.285,56",EUR
O0256,C055,18/05/2026,eu_shop,"€974,82",
O0096,C057,02/09/2026,us_shop,479.28,USD
O0377,C047,24/03/2026,legacy,"$1,441.51",
O0014,C036,01/28/2026,us_shop,"$2,358.38",
O0059,C040,03/01/2026,eu_shop,"1.071,29",EUR
O0128,C017,03/25/2026,us_shop,USD 648.21,USD
O0143,C059,05/03/2026,eu_shop,"2.452,58 EUR",
O0333,C047,06/04/2026,us_shop,$808.87,
O0161,C039,26/03/2026,eu_shop,,EUR
O0204,C031,10/04/2026,eu_shop,"120,29 EUR",
O0188,C001,04/23/2026,us_shop,USD 1353.97,USD
O0272,C025,05/28/2026,us_shop,USD 1228.69,USD
O0071,C048,18/02/2026,eu_shop,"422,40 EUR",
O0294,C007,22/05/2026,eu_shop,"€615,20",
O0040,C047,01/02/2026,us_shop,"$1,696.48",
O0348,C045,06/25/2026,us_shop,800.10,USD
O0228,C024,04/20/2026,us_shop,"$1,900.85",
O0191,C001,04/19/2026,us_shop,$739.47,
O0190,C041,28/04/2026,eu_shop,,
O0231,C008,01/04/2026,eu_shop,"2.433,94",EUR
O0348,C045,06/25/2026,us_shop,800.10,USD
